method,accuracy,precision_pos,recall_pos,f1_pos,f1_macro
custom_skipgram,0.8775,0.8754724487766063,0.8802,0.8778298593796748,0.8774991069684898
custom_cbow,0.8716,0.8721955128205128,0.8708,0.8714971977582066,0.8715999178239474
pretrained:word2vec-google-news-300,0.8562,0.857774206508638,0.854,0.8558829424734415,0.8561993040046314
custom_fasttext,0.8542,0.8536341853035144,0.855,0.85431654676259,0.8541999066879402
